{
  "hash": "d59f05dd",
  "configHash": "adba2db4",
  "lockfileHash": "1c67615a",
  "browserHash": "3f61a9a5",
  "optimized": {
    "@angular/common": {
      "src": "../../../../../node_modules/@angular/common/fesm2022/common.mjs",
      "file": "@angular_common.js",
      "fileHash": "452d469e",
      "needsInterop": false
    },
    "@angular/common/http": {
      "src": "../../../../../node_modules/@angular/common/fesm2022/http.mjs",
      "file": "@angular_common_http.js",
      "fileHash": "0f384339",
      "needsInterop": false
    },
    "@angular/core": {
      "src": "../../../../../node_modules/@angular/core/fesm2022/core.mjs",
      "file": "@angular_core.js",
      "fileHash": "34f5710f",
      "needsInterop": false
    },
    "@angular/forms": {
      "src": "../../../../../node_modules/@angular/forms/fesm2022/forms.mjs",
      "file": "@angular_forms.js",
      "fileHash": "bbe4725f",
      "needsInterop": false
    },
    "@angular/platform-browser": {
      "src": "../../../../../node_modules/@angular/platform-browser/fesm2022/platform-browser.mjs",
      "file": "@angular_platform-browser.js",
      "fileHash": "8b8a1dd2",
      "needsInterop": false
    },
    "@angular/router": {
      "src": "../../../../../node_modules/@angular/router/fesm2022/router.mjs",
      "file": "@angular_router.js",
      "fileHash": "2599a9c0",
      "needsInterop": false
    },
    "angularx-flatpickr": {
      "src": "../../../../../node_modules/angularx-flatpickr/fesm2022/angularx-flatpickr.mjs",
      "file": "angularx-flatpickr.js",
      "fileHash": "933d0227",
      "needsInterop": false
    },
    "jwt-decode": {
      "src": "../../../../../node_modules/jwt-decode/build/esm/index.js",
      "file": "jwt-decode.js",
      "fileHash": "335cc498",
      "needsInterop": false
    },
    "ol": {
      "src": "../../../../../node_modules/ol/index.js",
      "file": "ol.js",
      "fileHash": "ce1ea15d",
      "needsInterop": false
    },
    "ol/events/condition": {
      "src": "../../../../../node_modules/ol/events/condition.js",
      "file": "ol_events_condition.js",
      "fileHash": "d14be84a",
      "needsInterop": false
    },
    "ol/geom": {
      "src": "../../../../../node_modules/ol/geom.js",
      "file": "ol_geom.js",
      "fileHash": "c42c6a14",
      "needsInterop": false
    },
    "ol/interaction": {
      "src": "../../../../../node_modules/ol/interaction.js",
      "file": "ol_interaction.js",
      "fileHash": "e7c68d65",
      "needsInterop": false
    },
    "ol/layer": {
      "src": "../../../../../node_modules/ol/layer.js",
      "file": "ol_layer.js",
      "fileHash": "5fbd07ba",
      "needsInterop": false
    },
    "ol/proj": {
      "src": "../../../../../node_modules/ol/proj.js",
      "file": "ol_proj.js",
      "fileHash": "c3b6aa99",
      "needsInterop": false
    },
    "ol/source": {
      "src": "../../../../../node_modules/ol/source.js",
      "file": "ol_source.js",
      "fileHash": "8f34acf3",
      "needsInterop": false
    },
    "ol/style": {
      "src": "../../../../../node_modules/ol/style.js",
      "file": "ol_style.js",
      "fileHash": "2fcadf05",
      "needsInterop": false
    },
    "rxjs": {
      "src": "../../../../../node_modules/rxjs/dist/esm5/index.js",
      "file": "rxjs.js",
      "fileHash": "d7648c13",
      "needsInterop": false
    },
    "sweetalert2": {
      "src": "../../../../../node_modules/sweetalert2/dist/sweetalert2.esm.all.js",
      "file": "sweetalert2.js",
      "fileHash": "7dac7cbe",
      "needsInterop": false
    }
  },
  "chunks": {
    "webimage-HYYGYMI7": {
      "file": "webimage-HYYGYMI7.js"
    },
    "decoder-SLFJGFYX": {
      "file": "decoder-SLFJGFYX.js"
    },
    "raw-ZXHE5ATX": {
      "file": "raw-ZXHE5ATX.js"
    },
    "lzw-5E5BAE45": {
      "file": "lzw-5E5BAE45.js"
    },
    "jpeg-ENJ5PPDK": {
      "file": "jpeg-ENJ5PPDK.js"
    },
    "deflate-YAILRLUV": {
      "file": "deflate-YAILRLUV.js"
    },
    "packbits-YQQNONDK": {
      "file": "packbits-YQQNONDK.js"
    },
    "lerc-2A46SYGN": {
      "file": "lerc-2A46SYGN.js"
    },
    "chunk-Q6MCOF6F": {
      "file": "chunk-Q6MCOF6F.js"
    },
    "chunk-YSZXQCMV": {
      "file": "chunk-YSZXQCMV.js"
    },
    "chunk-JCX666RU": {
      "file": "chunk-JCX666RU.js"
    },
    "chunk-VUM2SOSJ": {
      "file": "chunk-VUM2SOSJ.js"
    },
    "chunk-7W5NXLBK": {
      "file": "chunk-7W5NXLBK.js"
    },
    "chunk-VOAWCL5G": {
      "file": "chunk-VOAWCL5G.js"
    },
    "chunk-UIDROEBZ": {
      "file": "chunk-UIDROEBZ.js"
    },
    "chunk-ATSYYZ7T": {
      "file": "chunk-ATSYYZ7T.js"
    },
    "chunk-JNCUVAN2": {
      "file": "chunk-JNCUVAN2.js"
    },
    "chunk-CO2UG7VT": {
      "file": "chunk-CO2UG7VT.js"
    },
    "chunk-Q37I2WAJ": {
      "file": "chunk-Q37I2WAJ.js"
    },
    "chunk-A2R5S75Y": {
      "file": "chunk-A2R5S75Y.js"
    },
    "chunk-JQSPPM3A": {
      "file": "chunk-JQSPPM3A.js"
    },
    "chunk-23OMVNTY": {
      "file": "chunk-23OMVNTY.js"
    },
    "chunk-MWKUGX26": {
      "file": "chunk-MWKUGX26.js"
    },
    "chunk-GRZDYY5W": {
      "file": "chunk-GRZDYY5W.js"
    },
    "chunk-XNIOQNCR": {
      "file": "chunk-XNIOQNCR.js"
    },
    "chunk-ZLOBFMMG": {
      "file": "chunk-ZLOBFMMG.js"
    },
    "chunk-LQ2C3YYV": {
      "file": "chunk-LQ2C3YYV.js"
    },
    "chunk-Z2GTQABC": {
      "file": "chunk-Z2GTQABC.js"
    },
    "chunk-P3OV7NCP": {
      "file": "chunk-P3OV7NCP.js"
    },
    "chunk-ZMR4N6B5": {
      "file": "chunk-ZMR4N6B5.js"
    },
    "chunk-AS5CBGY2": {
      "file": "chunk-AS5CBGY2.js"
    },
    "chunk-4MAB2MYE": {
      "file": "chunk-4MAB2MYE.js"
    },
    "chunk-APGPI4FP": {
      "file": "chunk-APGPI4FP.js"
    },
    "chunk-CPNXOV62": {
      "file": "chunk-CPNXOV62.js"
    }
  }
}